{
  "features": [
    "LAT",
    "LON",
    "DT_SEC_RAW",
    "DT_SEC_LOG",
    "GAP_GT_10MIN",
    "GAP_GT_30MIN",
    "STEP_KM",
    "SOG_KMH",
    "GEO_KMH",
    "ACC_KMH_S",
    "COG_SIN",
    "COG_COS",
    "HDG_SIN",
    "HDG_COS",
    "TURN_DEG_S",
    "Length",
    "Width",
    "Draft",
    "VesselType",
    "Cargo",
    "Status",
    "IS_CRUISE",
    "IS_CARGO",
    "IS_TANKER",
    "DIST_LAND_KM",
    "DIST_PORTS_KM",
    "DIST_LANES_KM"
  ],
  "pad_value": -99.0,
  "mean": [
    26.55191421508789,
    -81.07215881347656,
    72.6641616821289,
    4.2493743896484375,
    0.00015623605577275157,
    4.463887307792902e-05,
    0.5476135611534119,
    27.313152313232422,
    27.243030548095703,
    0.00038745274650864303,
    0.2892591953277588,
    -0.09476069360971451,
    0.2825385630130768,
    -0.12848974764347076,
    0.0012175228912383318,
    269.5228271484375,
    39.342647552490234,
    8.99312973022461,
    68.67214965820312,
    68.88672637939453,
    0.1365949511528015,
    0.5937862396240234,
    0.14800018072128296,
    0.2582135498523712,
    68.7971420288086,
    113.21526336669922,
    86.9044418334961
  ],
  "std": [
    2.4700329303741455,
    4.5526652336120605,
    27.632707595825195,
    0.39925703406333923,
    0.012498464435338974,
    0.006681083235889673,
    0.24010424315929413,
    7.166947364807129,
    7.48644495010376,
    0.005158009473234415,
    0.580629289150238,
    0.7551285028457642,
    0.583219587802887,
    0.7506779432296753,
    0.0679917261004448,
    84.2431640625,
    12.822247505187988,
    2.423161506652832,
    8.962573051452637,
    10.53514575958252,
    0.8150562047958374,
    0.49112534523010254,
    0.3551001250743866,
    0.4376520812511444,
    61.84837341308594,
    84.82747650146484,
    103.63969421386719
  ]
}